{"stat.chestOpened":48,"stat.useItem.minecraft.string":6,"stat.craftItem.minecraft.mushroom_stew":1,"stat.useItem.minecraft.sticky_piston":24,"stat.drop.minecraft.stone_stairs":2,"stat.useItem.minecraft.quartz_block":2748,"stat.pickup.minecraft.sign":3,"stat.pickup.minecraft.stone_pressure_plate":1,"stat.useItem.minecraft.stone":173,"stat.horseOneCm":742,"stat.useItem.minecraft.quartz_stairs":67,"stat.useItem.minecraft.repeater":61,"stat.drop.minecraft.wooden_pickaxe":2,"stat.drop.minecraft.packed_ice":1,"stat.leaveGame":2,"stat.useItem.minecraft.sponge":7,"stat.drop.minecraft.ladder":1,"stat.useItem.minecraft.soul_sand":29,"stat.drop.minecraft.redstone":14,"stat.useItem.minecraft.carpet":22,"stat.useItem.minecraft.heavy_weighted_pressure_plate":13,"stat.useItem.minecraft.stained_glass_pane":21,"stat.useItem.minecraft.glowstone":2,"stat.useItem.minecraft.packed_ice":6,"stat.drop.minecraft.sponge":1,"stat.useItem.minecraft.bedrock":28,"stat.jump":2535,"stat.swimOneCm":107422,"stat.useItem.minecraft.sand":72,"stat.climbOneCm":23441,"stat.useItem.minecraft.planks":4,"stat.fallOneCm":335,"stat.drop.minecraft.stone":2,"stat.drop.minecraft.sticky_piston":1,"stat.useItem.minecraft.piston":38,"stat.crouchOneCm":110332,"stat.useItem.minecraft.redstone_torch":16,"stat.useItem.minecraft.stone_button":41,"stat.useItem.minecraft.dirt":37,"stat.drop.minecraft.mushroom_stew":2,"stat.pickup.minecraft.experience_bottle":64,"stat.drop.minecraft.piston":4,"stat.useItem.minecraft.water_bucket":62,"stat.drop.minecraft.glass":5,"stat.craftingTableInteraction":4,"stat.drop.minecraft.redstone_torch":4,"stat.useItem.minecraft.glass":300,"stat.dropperInspected":16,"stat.pickup.minecraft.sand":2,"stat.useItem.minecraft.light_blue_shulker_box":3,"stat.pickup.minecraft.command_block":1,"stat.useItem.minecraft.redstone_lamp":6,"stat.drop.minecraft.web":1,"stat.drop.minecraft.brick_block":33,"stat.damageTaken":570,"stat.drop.minecraft.stone_button":3,"stat.drop.minecraft.quartz_stairs":1,"stat.drop.minecraft.water_bucket":2,"stat.useItem.minecraft.slime":81,"stat.useItem.minecraft.brick_block":22,"stat.useItem.minecraft.anvil":1,"stat.flyOneCm":2502636,"stat.drop.minecraft.heavy_weighted_pressure_plate":1,"stat.pickup.minecraft.quartz_block":1,"stat.drop.minecraft.sand":65,"stat.drop.minecraft.soul_sand":1,"stat.damageDealt":20,"stat.pickup.minecraft.redstone":4,"stat.useItem.minecraft.wool":221,"stat.timeSinceDeath":5348328,"stat.hopperInspected":11,"stat.useItem.minecraft.sign":134,"stat.drop.minecraft.log":1,"stat.useItem.minecraft.crafting_table":3,"stat.craftItem.minecraft.wooden_pickaxe":1,"stat.useItem.minecraft.iron_door":3,"stat.useItem.minecraft.iron_bars":14,"stat.drop.minecraft.repeater":18,"stat.pickup.minecraft.piston":1,"stat.useItem.minecraft.command_block":48,"stat.craftItem.minecraft.cake":1,"stat.walkOneCm":480821,"stat.drop.minecraft.paper":705,"stat.useItem.minecraft.torch":3,"stat.useItem.minecraft.chest":14,"stat.useItem.minecraft.lever":37,"stat.drop.minecraft.iron_bars":1,"stat.useItem.minecraft.log":32,"stat.useItem.minecraft.comparator":11,"stat.drop.minecraft.dirt":8,"stat.drop.minecraft.diamond_block":2,"stat.useItem.minecraft.lava_bucket":1,"stat.drop.minecraft.wool":6,"stat.drop.minecraft.stone_slab":1,"stat.drop.minecraft.sign":17,"stat.drop.minecraft.bedrock":1,"stat.drop.minecraft.redstone_lamp":1,"stat.useItem.minecraft.redstone":135,"stat.useItem.minecraft.sea_lantern":163,"stat.drop.minecraft.stained_hardened_clay":2,"stat.shulkerBoxOpened":8,"stat.useItem.minecraft.stained_hardened_clay":50,"stat.useItem.minecraft.dropper":14,"stat.useItem.minecraft.leaves":556,"stat.sprintOneCm":156409,"stat.pickup.minecraft.paper":86,"stat.useItem.minecraft.diamond_block":38,"stat.drop.minecraft.command_block":7,"stat.useItem.minecraft.fence":5,"stat.useItem.minecraft.stone_stairs":3,"stat.drop.minecraft.stone_pressure_plate":2,"stat.useItem.minecraft.stone_slab":25,"stat.drop.minecraft.grass_path":2,"stat.drop.minecraft.lever":2,"stat.useItem.minecraft.tripwire_hook":2,"stat.useItem.minecraft.barrier":126,"stat.useItem.minecraft.iron_block":72,"stat.useItem.minecraft.stone_pressure_plate":7,"stat.drop.minecraft.comparator":2,"stat.useItem.minecraft.hopper":10,"stat.useItem.minecraft.wooden_pressure_plate":6,"stat.useItem.minecraft.grass_path":7,"stat.deaths":2,"stat.drop":152,"stat.drop.minecraft.cake":1,"stat.playOneMinute":5839752,"stat.pickup.minecraft.stone_button":2,"stat.useItem.minecraft.cake":28,"stat.useItem.minecraft.ladder":23,"stat.sneakTime":61105,"stat.drop.minecraft.quartz_block":11,"stat.drop.minecraft.torch":1,"stat.drop.minecraft.grass":2,"stat.diveOneCm":36051,"stat.useItem.minecraft.web":2}