{"stat.chestOpened":2,"stat.useItem.minecraft.sticky_piston":22,"stat.useItem.minecraft.quartz_block":2855,"stat.pickup.minecraft.sign":2,"stat.pickup.minecraft.redstone_torch":5,"stat.useItem.minecraft.quartz_stairs":326,"stat.useItem.minecraft.repeater":130,"stat.leaveGame":6,"stat.useItem.minecraft.glowstone":49,"stat.jump":471,"stat.swimOneCm":57605,"stat.useItem.minecraft.sand":9,"stat.climbOneCm":3102,"stat.fallOneCm":75186,"stat.useItem.minecraft.piston":18,"stat.crouchOneCm":3426,"stat.useItem.minecraft.redstone_torch":29,"stat.useItem.minecraft.dirt":15,"stat.useItem.minecraft.stone_button":28,"stat.useItem.minecraft.water_bucket":1,"stat.useItem.minecraft.glass":88,"stat.pickup.minecraft.sand":1,"stat.pickup.minecraft.repeater":2,"stat.damageTaken":8800,"stat.useItem.minecraft.gold_block":1,"stat.flyOneCm":2252221,"stat.pickup.minecraft.quartz_block":2,"stat.pickup.minecraft.redstone":7,"stat.useItem.minecraft.wool":145,"stat.timeSinceDeath":83194,"stat.useItem.minecraft.sign":3,"stat.useItem.minecraft.command_block":6,"stat.walkOneCm":399826,"stat.useItem.minecraft.lever":27,"stat.useItem.minecraft.comparator":10,"stat.useItem.minecraft.redstone_block":15,"stat.useItem.minecraft.redstone":167,"stat.useItem.minecraft.sea_lantern":40,"stat.sprintOneCm":25631,"stat.useItem.minecraft.diamond_block":72,"stat.useItem.minecraft.stone_slab":9,"stat.useItem.minecraft.barrier":14,"stat.pickup.minecraft.lever":1,"stat.deaths":15,"stat.drop":3,"stat.playOneMinute":2429853,"stat.pickup.minecraft.stone_button":1,"stat.sneakTime":10412,"stat.drop.minecraft.quartz_block":3,"stat.pickup.minecraft.stone_slab":1,"stat.diveOneCm":10120}